id,first_name,last_name,email,gender,ip_address
1,Andrea,Austin,aaustin0@123-reg.co.uk,Female,89.74.14.241
2,Shirley,West,swest1@bloglovin.com,Female,130.50.105.151
3,Sharon,Hicks,shicks2@mapquest.com,Female,38.132.146.27
4,Marilyn,Hamilton,mhamilton3@guardian.co.uk,Female,90.172.158.125
5,Charles,Wheeler,cwheeler4@ebay.co.uk,Male,110.105.72.133
6,Janet,Moore,jmoore5@ustream.tv,Female,133.208.199.253
7,Jean,Berry,jberry6@geocities.com,Female,241.134.66.66
8,Randy,Kennedy,rkennedy7@elpais.com,Male,117.12.238.236
9,Albert,Burns,aburns8@addtoany.com,Male,23.188.222.203
10,Robin,Roberts,rroberts9@about.me,Female,80.124.168.20
11,Judy,Ortiz,jortiza@yale.edu,Female,223.211.255.145
12,Gloria,Peters,gpetersb@usa.gov,Female,223.211.157.140
13,Gloria,Gardner,ggardnerc@webmd.com,Female,106.7.11.25
14,Christopher,Alvarez,calvarezd@smh.com.au,Male,103.204.190.65
15,Patricia,Alvarez,palvareze@bloomberg.com,Female,248.105.141.149
16,Annie,Dunn,adunnf@gizmodo.com,Female,252.63.127.159
17,Kathleen,Stevens,kstevensg@posterous.com,Female,214.204.216.167
18,Patricia,Banks,pbanksh@github.com,Female,41.169.241.154
19,Sandra,Weaver,sweaveri@cmu.edu,Female,130.82.98.58
20,Christopher,Daniels,cdanielsj@about.com,Male,27.44.44.97
21,Elizabeth,Garza,egarzak@columbia.edu,Female,38.94.56.201
22,Karen,Peterson,kpetersonl@usgs.gov,Female,4.138.139.14
23,Timothy,Owens,towensm@sun.com,Male,19.135.16.43
24,Cheryl,Wells,cwellsn@moonfruit.com,Female,35.150.105.2
25,Stephen,Harper,sharpero@behance.net,Male,116.249.210.125
26,Laura,Lopez,llopezp@gmpg.org,Female,7.3.127.238
27,Evelyn,Greene,egreeneq@webnode.com,Female,238.33.245.221
28,Richard,Garza,rgarzar@ucsd.edu,Male,166.127.58.73
29,Andrea,Hughes,ahughess@wikispaces.com,Female,157.8.47.77
30,Ann,Watson,awatsont@infoseek.co.jp,Female,55.234.162.50
